﻿<?xml version="1.0" encoding="utf-8"?>
<Store xmlns:i="http://www.w3.org/2001/XMLSchema-instance" xmlns="AtmelPackComponentManagement">
	<ProjectComponents>
		<ProjectComponent z:Id="i1" xmlns:z="http://schemas.microsoft.com/2003/10/Serialization/">
			<CApiVersion></CApiVersion>
			<CBundle></CBundle>
			<CClass>Device</CClass>
			<CGroup>Startup</CGroup>
			<CSub></CSub>
			<CVariant></CVariant>
			<CVendor>Atmel</CVendor>
			<CVersion>1.7.0</CVersion>
			<DefaultRepoPath>C:/Program Files (x86)\Atmel\Studio\7.0\Packs</DefaultRepoPath>
			<DependentComponents xmlns:d4p1="http://schemas.microsoft.com/2003/10/Serialization/Arrays" />
			<Description></Description>
			<Files xmlns:d4p1="http://schemas.microsoft.com/2003/10/Serialization/Arrays">
				<d4p1:anyType i:type="FileInfo">
					<AbsolutePath>C:/Program Files (x86)\Atmel\Studio\7.0\Packs\atmel\ATmega_DFP\1.7.374\avrasm\inc</AbsolutePath>
					<Attribute></Attribute>
					<Category>include</Category>
					<Condition>AVRASM</Condition>
					<FileContentHash i:nil="true" />
					<FileVersion></FileVersion>
					<Name>avrasm/inc</Name>
					<SelectString></SelectString>
					<SourcePath></SourcePath>
				</d4p1:anyType>
				<d4p1:anyType i:type="FileInfo">
					<AbsolutePath>C:/Program Files (x86)\Atmel\Studio\7.0\Packs\atmel\ATmega_DFP\1.7.374\avrasm\inc\m324PAdef.inc</AbsolutePath>
					<Attribute></Attribute>
					<Category>header</Category>
					<Condition>AVRASM</Condition>
					<FileContentHash>tXBdB8kxleMBQv0+Jk/YEQ==</FileContentHash>
					<FileVersion></FileVersion>
					<Name>avrasm/inc/m324PAdef.inc</Name>
					<SelectString></SelectString>
					<SourcePath></SourcePath>
				</d4p1:anyType>
				<d4p1:anyType i:type="FileInfo">
					<AbsolutePath>C:/Program Files (x86)\Atmel\Studio\7.0\Packs\atmel\ATmega_DFP\1.7.374\avrasm\templates\main.asm</AbsolutePath>
					<Attribute>template</Attribute>
					<Category>source</Category>
					<Condition>AVRASM</Condition>
					<FileContentHash>xRe7LTeMrS0+f8hQu0zFhw==</FileContentHash>
					<FileVersion></FileVersion>
					<Name>avrasm/templates/main.asm</Name>
					<SelectString>Main file (.asm)</SelectString>
					<SourcePath></SourcePath>
				</d4p1:anyType>
			</Files>
			<PackName>ATmega_DFP</PackName>
			<PackPath>C:/Program Files (x86)/Atmel/Studio/7.0/Packs/atmel/ATmega_DFP/1.7.374/Atmel.ATmega_DFP.pdsc</PackPath>
			<PackVersion>1.7.374</PackVersion>
			<PresentInProject>true</PresentInProject>
			<ReferenceConditionId>ATmega324PA</ReferenceConditionId>
			<RteComponents xmlns:d4p1="http://schemas.microsoft.com/2003/10/Serialization/Arrays">
				<d4p1:string></d4p1:string>
			</RteComponents>
			<Status>Resolved</Status>
			<VersionMode>Fixed</VersionMode>
			<IsComponentInAtProject>true</IsComponentInAtProject>
		</ProjectComponent>
	</ProjectComponents>
</Store>